{
  "auc_valid": 0.7377559378334002,
  "f1_valid": 0.77909022367429,
  "accuracy_valid": 0.707,
  "recall_valid": 0.8297644539614561,
  "balanced_accuracy_valid": 0.6670907075460991
}